ADDRESSID,ADDRESSTYPE,ADDRESSDESC,ADDRESSSTATUS,FIRSTNAME,LASTNAME,MIDDLENAME,HONORIFICNAME,TITLE,ADDRESS1
15153646,Organization,BEFESA GESTION DE RESIDUOS,,BEFESA,,,,,C ATLANTICO
15153647,Organization,PENDONMANIA DIGITAL GROUP CA,,PENDONMANIA ,,,,,C 10 
15153648,Organization,KIWI 532 TROEGSTAD,,KIWI 532 TROEGSTAD,,,,,KIRKEVEIEN
15153649,Organization,INEOS USA LLC,,INEOS USA LLC,,,,,2600 SOUTH SHORE BLVD
15153650,Organization,DESTRUCCION CONFIDENCIAL DE,,DESTRUCCION CONFIDENCIAL DE,,,,,C COBRE 5
15153651,Organization,EXHIBITION HIRE SERVICE PTY LTD,,EXHIBITION HIRE ,,,,,PO BOX 10
15153652,Organization,UE BOLIVAR & SUCRE DE GUATIRE,,UE BOLIVAR,,,,,C BOLIVAR
15153653,Organization,RIDINGS COACHES,,RIDINGS COACHES,,,,,GOODMAN ST
15153654,Organization,BEIJING YING TONG JIA XUN KE JI,,BEIJING YING TONG JIA XUN KE JI,,,,,25 BEIJING SHI CHAO YANG QU JIAN
