ADDRESSID,ADDRESSTYPE,ADDRESSDESC,ADDRESSSTATUS,FIRSTNAME,LASTNAME,MIDDLENAME,HONORIFICNAME,TITLE,ADDRESS1,ADDRESS2,ADDRESS3,CITY,STATE,POSTALCODE,COUNTRY,PHONE,FAX,VOICEMAIL,CELLPHONE,BEEPER,EMAIL,NETWORKADDRESS,DIRECTORY,PRINTERID,TABLEID,NOTES,AUDITSEQUENCE,TRACELOGID,TEMPLATEFLAG,USERSEQUENCE,CREATEDT,CREATEBY,CREATETOOL,MODDT,MODBY,MODTOOL,S_PREPAIDFLAG,S_PARTIALINVOICEFLAG,S_PREFERREDSHIPTYPE,ACTIVEFLAG,EXTERNALFLAG,SECURITYUSER,SECURITYDEPARTMENT
15153646,Organization,BEFESA GESTION DE RESIDUOS,,BEFESA,,,,,C ATLANTICO,,,AJALVIR ,,28864,ES,(34)918844672,(34)918844973,,,,,,,,,"BEFESA GESTION DE RESIDUOS, INDUSTRIALES SL",1,,,,13-Apr-20,9705,(import),13-Apr-20,9705,(import),,,,Y,,,
15153647,Organization,PENDONMANIA DIGITAL GROUP CA,,PENDONMANIA ,,,,,C 10 ,,,CARACAS,MIR,1071,VE,(58)2122436646,(58)2122437014,,,,,,,,,PENDONMANIA DIGITAL GROUP CA,1,,,,13-Apr-20,9705,(import),13-Apr-20,9705,(import),,,,Y,,,
15153648,Organization,KIWI 532 TROEGSTAD,,KIWI 532 TROEGSTAD,,,,,KIRKEVEIEN,,,TROEGSTAD,,1860,NO,(47)69827080,(47)69827081,,,,,,,,,"KIWI 532 TROEGSTAD, NG KIWI OEST AS",1,,,,13-Apr-20,9705,(import),13-Apr-20,9705,(import),,,,Y,,,
15153649,Organization,INEOS USA LLC,,INEOS USA LLC,,,,,2600 SOUTH SHORE BLVD,HARRIS,,LEAGUE,TX,77573,US,(1)281-535-4371,(1)281-535-4412,,,,,,,,,INEOS USA LLC,1,,,,13-Apr-20,9705,(import),13-Apr-20,9705,(import),,,,Y,,,
15153650,Organization,DESTRUCCION CONFIDENCIAL DE,,DESTRUCCION CONFIDENCIAL DE,,,,,C COBRE 5,,,SAN MARTIN,28,28330,ES,(34)902197395,(34)932234632,,,,,,,,,"DESTRUCCION CONFIDENCIAL DE, DOCUMENTACION SA",1,,,,13-Apr-20,9705,(import),13-Apr-20,9705,(import),,,,Y,,,
15153651,Organization,EXHIBITION HIRE SERVICE PTY LTD,,EXHIBITION HIRE ,,,,,PO BOX 10,,,SYDNEY MARKETS,NSW,2129,AU,(61) 2 96457000,(61) 2 96455300,,,,,,,,,"EXHIBITION HIRE SERVICE PTY LTD, TA EXHIBITION HIRE",1,,,,13-Apr-20,9705,(import),13-Apr-20,9705,(import),,,,Y,,,
15153652,Organization,UE BOLIVAR & SUCRE DE GUATIRE,,UE BOLIVAR,,,,,C BOLIVAR,,,GUATIRE,MIR,1221,VE,(58)2123444939,(58)2123441002,,,,,,,,,UE BOLIVAR & SUCRE DE GUATIRE,1,,,,13-Apr-20,9705,(import),13-Apr-20,9705,(import),,,,Y,,,
15153653,Organization,RIDINGS COACHES,,RIDINGS COACHES,,,,,GOODMAN ST,,,LEEDS,YW,LS10 1NY,GB,(44)1132712900,(44)1132719220,,,,,,,,,RIDINGS COACHES,1,,,,13-Apr-20,9705,(import),13-Apr-20,9705,(import),,,,Y,,,
15153654,Organization,BEIJING YING TONG JIA XUN KE JI,,BEIJING YING TONG JIA XUN KE JI,,,,,25 BEIJING SHI CHAO YANG QU JIAN,,,BEIJING,,100022,CN,(86) 10 65012490,(86) 10 65066916,,,,,,,,,"BEIJING YING TONG JIA XUN KE JI, YOU XIAN GONG SI",1,,,,13-Apr-20,9705,(import),13-Apr-20,9705,(import),,,,Y,,,
